{
  "diabetes": {
    "best_model": "LogisticRegression",
    "best_f1_score": 0.6582278481012658,
    "metrics": {
      "XGBoost": {
        "accuracy": 0.7672413793103449,
        "precision": 0.71875,
        "recall": 0.5609756097560976,
        "f1": 0.6301369863013698,
        "roc_auc": 0.7983739837398374
      },
      "RandomForest": {
        "accuracy": 0.7586206896551724,
        "precision": 0.6756756756756757,
        "recall": 0.6097560975609756,
        "f1": 0.6410256410256411,
        "roc_auc": 0.833170731707317
      },
      "LogisticRegression": {
        "accuracy": 0.7672413793103449,
        "precision": 0.6842105263157895,
        "recall": 0.6341463414634146,
        "f1": 0.6582278481012658,
        "roc_auc": 0.8455284552845529
      },
      "LightGBM": {
        "accuracy": 0.7241379310344828,
        "precision": 0.6363636363636364,
        "recall": 0.5121951219512195,
        "f1": 0.5675675675675675,
        "roc_auc": 0.7743089430894309
      },
      "CatBoost": {
        "accuracy": 0.7327586206896551,
        "precision": 0.6470588235294118,
        "recall": 0.5365853658536586,
        "f1": 0.5866666666666667,
        "roc_auc": 0.8289430894308942
      }
    }
  },
  "heart": {
    "best_model": "XGBClassifier",
    "best_f1_score": 0.9806451612903225,
    "metrics": {
      "XGBoost": {
        "accuracy": 0.9805194805194806,
        "precision": 1.0,
        "recall": 0.9620253164556962,
        "f1": 0.9806451612903225,
        "roc_auc": 0.9883544303797468
      },
      "RandomForest": {
        "accuracy": 0.9675324675324676,
        "precision": 1.0,
        "recall": 0.9367088607594937,
        "f1": 0.9673202614379085,
        "roc_auc": 0.9983122362869198
      },
      "LogisticRegression": {
        "accuracy": 0.7987012987012987,
        "precision": 0.7553191489361702,
        "recall": 0.8987341772151899,
        "f1": 0.8208092485549133,
        "roc_auc": 0.9071729957805907
      },
      "LightGBM": {
        "accuracy": 0.9805194805194806,
        "precision": 1.0,
        "recall": 0.9620253164556962,
        "f1": 0.9806451612903225,
        "roc_auc": 1.0
      },
      "CatBoost": {
        "accuracy": 0.9675324675324676,
        "precision": 0.9743589743589743,
        "recall": 0.9620253164556962,
        "f1": 0.9681528662420382,
        "roc_auc": 0.9964556962025316
      }
    }
  },
  "breast": {
    "best_model": "LogisticRegression",
    "best_f1_score": 0.9846153846153847,
    "metrics": {
      "XGBoost": {
        "accuracy": 0.9883720930232558,
        "precision": 1.0,
        "recall": 0.96875,
        "f1": 0.9841269841269841,
        "roc_auc": 1.0
      },
      "RandomForest": {
        "accuracy": 0.9883720930232558,
        "precision": 1.0,
        "recall": 0.96875,
        "f1": 0.9841269841269841,
        "roc_auc": 0.9994212962962963
      },
      "LogisticRegression": {
        "accuracy": 0.9883720930232558,
        "precision": 0.9696969696969697,
        "recall": 1.0,
        "f1": 0.9846153846153847,
        "roc_auc": 0.9988425925925927
      },
      "LightGBM": {
        "accuracy": 0.9883720930232558,
        "precision": 1.0,
        "recall": 0.96875,
        "f1": 0.9841269841269841,
        "roc_auc": 1.0
      },
      "CatBoost": {
        "accuracy": 0.9767441860465116,
        "precision": 1.0,
        "recall": 0.9375,
        "f1": 0.967741935483871,
        "roc_auc": 1.0
      }
    }
  }
}